teacher_name,day,time_slot,status
Dr. Anita Rao,Monday,09:00-10:00,busy
Dr. Anita Rao,Monday,10:00-11:00,busy
Dr. Anita Rao,Monday,11:30-12:30,busy
Dr. Anita Rao,Monday,14:00-15:00,free
Dr. Anita Rao,Monday,15:00-16:00,free
Dr. Anita Rao,Tuesday,09:00-10:00,free
Dr. Anita Rao,Tuesday,10:00-11:00,free
Dr. Anita Rao,Tuesday,11:30-12:30,busy
Dr. Anita Rao,Tuesday,14:00-15:00,free
Dr. Anita Rao,Tuesday,15:00-16:00,free
Dr. Anita Rao,Wednesday,09:00-10:00,free
Dr. Anita Rao,Wednesday,10:00-11:00,busy
Dr. Anita Rao,Wednesday,11:30-12:30,busy
Dr. Anita Rao,Wednesday,14:00-15:00,busy
Dr. Anita Rao,Wednesday,15:00-16:00,free
Dr. Anita Rao,Thursday,09:00-10:00,busy
Dr. Anita Rao,Thursday,10:00-11:00,free
Dr. Anita Rao,Thursday,11:30-12:30,busy
Dr. Anita Rao,Thursday,14:00-15:00,free
Dr. Anita Rao,Thursday,15:00-16:00,busy
Dr. Anita Rao,Friday,09:00-10:00,free
Dr. Anita Rao,Friday,10:00-11:00,busy
Dr. Anita Rao,Friday,11:30-12:30,free
Dr. Anita Rao,Friday,14:00-15:00,busy
Dr. Anita Rao,Friday,15:00-16:00,busy
Dr. Vikram Shah,Monday,09:00-10:00,busy
Dr. Vikram Shah,Monday,10:00-11:00,busy
Dr. Vikram Shah,Monday,11:30-12:30,free
Dr. Vikram Shah,Monday,14:00-15:00,busy
Dr. Vikram Shah,Monday,15:00-16:00,free
Dr. Vikram Shah,Tuesday,09:00-10:00,free
Dr. Vikram Shah,Tuesday,10:00-11:00,busy
Dr. Vikram Shah,Tuesday,11:30-12:30,free
Dr. Vikram Shah,Tuesday,14:00-15:00,busy
Dr. Vikram Shah,Tuesday,15:00-16:00,busy
Dr. Vikram Shah,Wednesday,09:00-10:00,busy
Dr. Vikram Shah,Wednesday,10:00-11:00,free
Dr. Vikram Shah,Wednesday,11:30-12:30,free
Dr. Vikram Shah,Wednesday,14:00-15:00,free
Dr. Vikram Shah,Wednesday,15:00-16:00,busy
Dr. Vikram Shah,Thursday,09:00-10:00,busy
Dr. Vikram Shah,Thursday,10:00-11:00,free
Dr. Vikram Shah,Thursday,11:30-12:30,free
Dr. Vikram Shah,Thursday,14:00-15:00,free
Dr. Vikram Shah,Thursday,15:00-16:00,busy
Dr. Vikram Shah,Friday,09:00-10:00,free
Dr. Vikram Shah,Friday,10:00-11:00,busy
Dr. Vikram Shah,Friday,11:30-12:30,busy
Dr. Vikram Shah,Friday,14:00-15:00,free
Dr. Vikram Shah,Friday,15:00-16:00,free
Prof. Neha Kapoor,Monday,09:00-10:00,busy
Prof. Neha Kapoor,Monday,10:00-11:00,busy
Prof. Neha Kapoor,Monday,11:30-12:30,busy
Prof. Neha Kapoor,Monday,14:00-15:00,free
Prof. Neha Kapoor,Monday,15:00-16:00,free
Prof. Neha Kapoor,Tuesday,09:00-10:00,busy
Prof. Neha Kapoor,Tuesday,10:00-11:00,free
Prof. Neha Kapoor,Tuesday,11:30-12:30,free
Prof. Neha Kapoor,Tuesday,14:00-15:00,busy
Prof. Neha Kapoor,Tuesday,15:00-16:00,busy
Prof. Neha Kapoor,Wednesday,09:00-10:00,free
Prof. Neha Kapoor,Wednesday,10:00-11:00,busy
Prof. Neha Kapoor,Wednesday,11:30-12:30,busy
Prof. Neha Kapoor,Wednesday,14:00-15:00,busy
Prof. Neha Kapoor,Wednesday,15:00-16:00,free
Prof. Neha Kapoor,Thursday,09:00-10:00,busy
Prof. Neha Kapoor,Thursday,10:00-11:00,busy
Prof. Neha Kapoor,Thursday,11:30-12:30,busy
Prof. Neha Kapoor,Thursday,14:00-15:00,free
Prof. Neha Kapoor,Thursday,15:00-16:00,busy
Prof. Neha Kapoor,Friday,09:00-10:00,busy
Prof. Neha Kapoor,Friday,10:00-11:00,busy
Prof. Neha Kapoor,Friday,11:30-12:30,busy
Prof. Neha Kapoor,Friday,14:00-15:00,busy
Prof. Neha Kapoor,Friday,15:00-16:00,busy
Prof. Arjun Mehta,Monday,09:00-10:00,busy
Prof. Arjun Mehta,Monday,10:00-11:00,busy
Prof. Arjun Mehta,Monday,11:30-12:30,busy
Prof. Arjun Mehta,Monday,14:00-15:00,free
Prof. Arjun Mehta,Monday,15:00-16:00,busy
Prof. Arjun Mehta,Tuesday,09:00-10:00,busy
Prof. Arjun Mehta,Tuesday,10:00-11:00,busy
Prof. Arjun Mehta,Tuesday,11:30-12:30,busy
Prof. Arjun Mehta,Tuesday,14:00-15:00,busy
Prof. Arjun Mehta,Tuesday,15:00-16:00,busy
Prof. Arjun Mehta,Wednesday,09:00-10:00,free
Prof. Arjun Mehta,Wednesday,10:00-11:00,busy
Prof. Arjun Mehta,Wednesday,11:30-12:30,busy
Prof. Arjun Mehta,Wednesday,14:00-15:00,busy
Prof. Arjun Mehta,Wednesday,15:00-16:00,free
Prof. Arjun Mehta,Thursday,09:00-10:00,busy
Prof. Arjun Mehta,Thursday,10:00-11:00,busy
Prof. Arjun Mehta,Thursday,11:30-12:30,busy
Prof. Arjun Mehta,Thursday,14:00-15:00,busy
Prof. Arjun Mehta,Thursday,15:00-16:00,busy
Prof. Arjun Mehta,Friday,09:00-10:00,busy
Prof. Arjun Mehta,Friday,10:00-11:00,busy
Prof. Arjun Mehta,Friday,11:30-12:30,busy
Prof. Arjun Mehta,Friday,14:00-15:00,busy
Prof. Arjun Mehta,Friday,15:00-16:00,busy
Ms. Priya Nair,Monday,09:00-10:00,busy
Ms. Priya Nair,Monday,10:00-11:00,busy
Ms. Priya Nair,Monday,11:30-12:30,free
Ms. Priya Nair,Monday,14:00-15:00,busy
Ms. Priya Nair,Monday,15:00-16:00,busy
Ms. Priya Nair,Tuesday,09:00-10:00,busy
Ms. Priya Nair,Tuesday,10:00-11:00,busy
Ms. Priya Nair,Tuesday,11:30-12:30,free
Ms. Priya Nair,Tuesday,14:00-15:00,busy
Ms. Priya Nair,Tuesday,15:00-16:00,busy
Ms. Priya Nair,Wednesday,09:00-10:00,busy
Ms. Priya Nair,Wednesday,10:00-11:00,busy
Ms. Priya Nair,Wednesday,11:30-12:30,busy
Ms. Priya Nair,Wednesday,14:00-15:00,busy
Ms. Priya Nair,Wednesday,15:00-16:00,free
Ms. Priya Nair,Thursday,09:00-10:00,free
Ms. Priya Nair,Thursday,10:00-11:00,busy
Ms. Priya Nair,Thursday,11:30-12:30,busy
Ms. Priya Nair,Thursday,14:00-15:00,busy
Ms. Priya Nair,Thursday,15:00-16:00,busy
Ms. Priya Nair,Friday,09:00-10:00,busy
Ms. Priya Nair,Friday,10:00-11:00,busy
Ms. Priya Nair,Friday,11:30-12:30,busy
Ms. Priya Nair,Friday,14:00-15:00,busy
Ms. Priya Nair,Friday,15:00-16:00,busy
